{"cameraMode":{"drawMode":0,"name":"Shaded","section":"Shading Mode"},"sceneLighting":false,"audioPlay":false,"sceneViewState":{"m_AlwaysRefresh":false,"showFog":true,"showSkybox":false,"showFlares":true,"showImageEffects":true,"showParticleSystems":true,"showVisualEffectGraphs":true,"m_FxEnabled":true},"in2DMode":false,"pivot":{"x":-0.10000002384185791,"y":-1.149999976158142,"z":0.050000011920928958},"rotation":{"x":-0.3018423616886139,"y":-0.08224077522754669,"z":0.026146994903683664,"w":-0.9494497776031494},"size":1.5116215944290162,"orthographic":false}