{"cameraMode":{"drawMode":0,"name":"Shaded","section":"Shading Mode"},"sceneLighting":false,"audioPlay":false,"sceneViewState":{"m_AlwaysRefresh":false,"showFog":true,"showSkybox":false,"showFlares":true,"showImageEffects":true,"showParticleSystems":true,"showVisualEffectGraphs":true,"m_FxEnabled":true},"in2DMode":false,"pivot":{"x":-1.4088032245635987,"y":5.321688175201416,"z":-0.23752599954605103},"rotation":{"x":0.2641606330871582,"y":-0.012868438847362996,"z":0.00405759084969759,"w":0.9646133184432983},"size":5.562905788421631,"orthographic":false}