{"cameraMode":{"drawMode":0,"name":"Shaded","section":"Shading Mode"},"sceneLighting":false,"audioPlay":false,"sceneViewState":{"m_AlwaysRefresh":false,"showFog":true,"showSkybox":false,"showFlares":true,"showImageEffects":true,"showParticleSystems":true,"showVisualEffectGraphs":true,"m_FxEnabled":true},"in2DMode":false,"pivot":{"x":-0.5311048030853272,"y":5.375781059265137,"z":-0.34098774194717409},"rotation":{"x":0.2641606330871582,"y":-0.012868438847362996,"z":0.00405759084969759,"w":0.9646133184432983},"size":4.900335311889648,"orthographic":false}