{"cameraMode":{"drawMode":0,"name":"Shaded","section":"Shading Mode"},"sceneLighting":false,"audioPlay":false,"sceneViewState":{"m_AlwaysRefresh":false,"showFog":true,"showSkybox":false,"showFlares":true,"showImageEffects":true,"showParticleSystems":true,"showVisualEffectGraphs":true,"m_FxEnabled":true},"in2DMode":false,"pivot":{"x":2.094183921813965,"y":-12.109193801879883,"z":22.975906372070314},"rotation":{"x":-0.3015231192111969,"y":0.009150383993983269,"z":-0.002891970332711935,"w":-0.9533950686454773},"size":19.169633865356447,"orthographic":false}