{"cameraMode":{"drawMode":0,"name":"Shaded","section":"Shading Mode"},"sceneLighting":false,"audioPlay":false,"sceneViewState":{"m_AlwaysRefresh":false,"showFog":true,"showSkybox":false,"showFlares":true,"showImageEffects":true,"showParticleSystems":true,"showVisualEffectGraphs":true,"m_FxEnabled":true},"in2DMode":false,"pivot":{"x":6.159154891967773,"y":7.657967567443848,"z":0.13665880262851716},"rotation":{"x":-0.15014715492725373,"y":0.7063336968421936,"z":-0.15743756294250489,"w":-0.6736262440681458},"size":2.1546847820281984,"orthographic":false}