{"cameraMode":{"drawMode":0,"name":"Shaded","section":"Shading Mode"},"sceneLighting":false,"audioPlay":false,"sceneViewState":{"m_AlwaysRefresh":false,"showFog":true,"showSkybox":false,"showFlares":true,"showImageEffects":true,"showParticleSystems":true,"showVisualEffectGraphs":true,"m_FxEnabled":true},"in2DMode":false,"pivot":{"x":-1.6782379150390626,"y":1.3453905582427979,"z":8.711848258972168},"rotation":{"x":-0.02130495198071003,"y":0.0140920365229249,"z":-0.0003308498999103904,"w":-0.9996873736381531},"size":8.423072814941407,"orthographic":false}