{"cameraMode":{"drawMode":0,"name":"Shaded","section":"Shading Mode"},"sceneLighting":false,"audioPlay":false,"sceneViewState":{"m_AlwaysRefresh":false,"showFog":true,"showSkybox":false,"showFlares":true,"showImageEffects":true,"showParticleSystems":true,"showVisualEffectGraphs":true,"m_FxEnabled":true},"in2DMode":false,"pivot":{"x":10.051995277404786,"y":3.038074493408203,"z":2.559001922607422},"rotation":{"x":-0.28428953886032107,"y":-0.016684291884303094,"z":0.004948332440108061,"w":-0.958582878112793},"size":4.172824859619141,"orthographic":false}